{"cameraMode":{"drawMode":0,"name":"Shaded","section":"Shading Mode"},"sceneLighting":true,"audioPlay":false,"sceneViewState":{"showFog":false,"showMaterialUpdate":false,"showSkybox":false,"showFlares":false,"showImageEffects":false,"showParticleSystems":true},"in2DMode":false,"pivot":{"x":13.26921558380127,"y":601.2031860351563,"z":161.8347625732422},"rotation":{"x":0.793111264705658,"y":-1.7382924966113934e-7,"z":-1.419332278373986e-7,"w":0.6090795397758484},"size":49.786903381347659,"orthographic":true}