{"cameraMode":{"drawMode":0,"name":"Shaded","section":"Shading Mode"},"sceneLighting":false,"audioPlay":false,"sceneViewState":{"showFog":false,"showMaterialUpdate":false,"showSkybox":false,"showFlares":false,"showImageEffects":false,"showParticleSystems":true},"in2DMode":false,"pivot":{"x":5.960464477539063e-8,"y":0.5,"z":0.49999988079071047},"rotation":{"x":0.7083637118339539,"y":-0.004658421501517296,"z":0.004675303120166063,"w":0.7058183550834656},"size":4.950000762939453,"orthographic":true}