{"cameraMode":{"drawMode":0,"name":"Shaded","section":"Shading Mode"},"sceneLighting":false,"audioPlay":false,"sceneViewState":{"showFog":false,"showMaterialUpdate":false,"showSkybox":false,"showFlares":false,"showImageEffects":false,"showParticleSystems":true},"in2DMode":false,"pivot":{"x":5.960464477539063e-8,"y":0.5,"z":0.49999988079071047},"rotation":{"x":0.7051917314529419,"y":-0.0025524247903376819,"z":0.0025387669447809459,"w":0.7090103030204773},"size":5.130978584289551,"orthographic":true}